id,name,isFork,commits,branches,releases,forks,mainLanguage,defaultBranch,license,homepage,watchers,stargazers,contributors,size,createdAt,pushedAt,updatedAt,totalIssues,openIssues,totalPullRequests,openPullRequests,blankLines,codeLines,commentLines,metrics,lastCommit,lastCommitSHA,hasWiki,isArchived,isDisabled,isLocked,languages,labels,topics
4262929,kenany/primality,false,282,2,16,1,JavaScript,master,Other,http://kenany.github.io/primality/,1,11,,499,2012-11-03T12:45:27,2016-11-18T03:45:18,2017-06-30T10:08:05,20,8,1,0,57,369,108,"[{""blankLines"":0,""language"":""YAML"",""commentLines"":0,""codeLines"":53},{""blankLines"":31,""language"":""Markdown"",""commentLines"":0,""codeLines"":75},{""blankLines"":26,""language"":""JavaScript"",""commentLines"":108,""codeLines"":165},{""blankLines"":0,""language"":""JSON"",""commentLines"":0,""codeLines"":76}]",2016-11-18T03:46:35,743e8d328e72562c80f9d9823084779246c20993,true,false,false,false,,,
4265508,cozy/cozy-photos,false,732,3,28,24,JavaScript,master,GNU Affero General Public License v3.0,http://cozy.io,18,27,16,6543,2013-04-21T02:53:55,2016-12-26T08:42:53,2020-06-26T03:20:45,124,57,111,0,15446,66325,12189,"[{""blankLines"":0,""language"":""JSON"",""commentLines"":0,""codeLines"":574},{""blankLines"":0,""language"":""XML"",""commentLines"":0,""codeLines"":12},{""blankLines"":14180,""language"":""JavaScript"",""commentLines"":11693,""codeLines"":58354},{""blankLines"":3,""language"":""YAML"",""commentLines"":0,""codeLines"":51},{""blankLines"":40,""language"":""Markdown"",""commentLines"":0,""codeLines"":57},{""blankLines"":796,""language"":""CoffeeScript"",""commentLines"":378,""codeLines"":2810},{""blankLines"":0,""language"":""HTML"",""commentLines"":0,""codeLines"":24},{""blankLines"":181,""language"":""CSS"",""commentLines"":102,""codeLines"":3455},{""blankLines"":230,""language"":""Stylus"",""commentLines"":12,""codeLines"":770},{""blankLines"":0,""language"":""SVG"",""commentLines"":0,""codeLines"":6},{""blankLines"":16,""language"":""Pug"",""commentLines"":4,""codeLines"":212}]",2016-10-14T01:14:17,c32d234ca5f33c41f63d3c87b5fd1d89a4e4a2e2,true,true,false,false,,,
4265865,takari/maven-timeline,true,100,2,6,7,JavaScript,master,Other,,17,32,10,714,2014-11-02T07:29:24,2025-12-16T05:53:03,2025-12-16T05:53:07,7,1,10,0,231,2141,147,"[{""blankLines"":1,""language"":""INI"",""commentLines"":0,""codeLines"":8},{""blankLines"":8,""language"":""Markdown"",""commentLines"":0,""codeLines"":23},{""blankLines"":4,""language"":""HTML"",""commentLines"":6,""codeLines"":22},{""blankLines"":0,""language"":""Properties"",""commentLines"":16,""codeLines"":3},{""blankLines"":23,""language"":""CSS"",""commentLines"":0,""codeLines"":124},{""blankLines"":7,""language"":""Maven"",""commentLines"":0,""codeLines"":78},{""blankLines"":82,""language"":""Java"",""commentLines"":53,""codeLines"":558},{""blankLines"":15,""language"":""DOS Batch"",""commentLines"":0,""codeLines"":134},{""blankLines"":63,""language"":""JavaScript"",""commentLines"":24,""codeLines"":984},{""blankLines"":26,""language"":""Bourne Shell"",""commentLines"":48,""codeLines"":185},{""blankLines"":2,""language"":""YAML"",""commentLines"":0,""codeLines"":22}]",2025-12-16T05:52:12,061f18f52a5d70751207b3570e164587fea73e0a,true,false,false,false,"{""JavaScript"":32447,""Java"":23944,""CSS"":2384,""HTML"":1250}",bug;duplicate;enhancement;help wanted;invalid;question;wontfix,maven;maven-extension;performance
4265872,jonschlinkert/npmignore,false,14,1,1,9,JavaScript,master,MIT License,,3,13,4,17,2014-10-26T09:25:07,2016-12-12T01:45:33,2018-10-13T12:51:02,4,2,8,2,122,436,48,"[{""blankLines"":19,""language"":""YAML"",""commentLines"":1,""codeLines"":69},{""blankLines"":0,""language"":""JSON"",""commentLines"":0,""codeLines"":70},{""blankLines"":57,""language"":""Markdown"",""commentLines"":0,""codeLines"":151},{""blankLines"":46,""language"":""JavaScript"",""commentLines"":47,""codeLines"":146}]",2016-12-12T01:45:33,90b32c48d56d8351759d1dfe627747c79c76bb06,true,false,false,false,,,
4266811,jonschlinkert/dry,false,110,2,0,1,JavaScript,master,MIT License,https://github.com/jonschlinkert,4,75,1,895,2016-08-06T03:51:06,2025-02-13T05:27:30,2025-02-13T05:27:33,3,2,1,0,5057,19793,1298,"[{""blankLines"":792,""language"":""YAML"",""commentLines"":0,""codeLines"":2496},{""blankLines"":156,""language"":""HTML"",""commentLines"":0,""codeLines"":287},{""blankLines"":2,""language"":""INI"",""commentLines"":0,""codeLines"":10},{""blankLines"":4,""language"":""Liquid"",""commentLines"":0,""codeLines"":16},{""blankLines"":113,""language"":""Markdown"",""commentLines"":0,""codeLines"":228},{""blankLines"":3990,""language"":""JavaScript"",""commentLines"":1298,""codeLines"":16654},{""blankLines"":0,""language"":""JSON"",""commentLines"":0,""codeLines"":102}]",2025-02-13T05:27:26,2bd2e4e10f5c5db16ff0c152982cc71ddc349516,true,false,false,false,"{""JavaScript"":628492,""HTML"":7378}",bug;duplicate;enhancement;help wanted;invalid;question;wontfix,blog;cms;email;engine;headless;jekyll;liquid;liquid-templating-engine;render;rendering-engine;shopify;static-site;template;template-engine;templates;templating
4269672,mapbox/to-color,false,69,2,0,3,JavaScript,publisher-production,ISC License,https://labs.mapbox.com/to-color/,114,19,5,448,2015-07-30T03:34:28,2025-09-03T07:15:00,2025-09-03T07:15:01,1,1,8,0,126,17572,20,"[{""blankLines"":20,""language"":""Markdown"",""commentLines"":0,""codeLines"":43},{""blankLines"":12,""language"":""HTML"",""commentLines"":0,""codeLines"":97},{""blankLines"":5,""language"":""YAML"",""commentLines"":0,""codeLines"":38},{""blankLines"":89,""language"":""JavaScript"",""commentLines"":20,""codeLines"":453},{""blankLines"":0,""language"":""JSON"",""commentLines"":0,""codeLines"":16941}]",2025-09-03T07:14:56,27205b8b47722cdffa00ef493d4831d206d48044,false,false,false,false,"{""JavaScript"":12994}",ai;bug;duplicate;enhancement;help wanted;invalid;question;wontfix,colors;deterministic;hsl;seed
4272370,avoidwork/keysort,false,221,4,0,1,JavaScript,master,BSD 3-Clause New or Revised License,,1,11,2,1137,2013-08-28T11:59:01,2026-02-23T03:44:34,2026-02-23T03:44:31,2,0,242,2,109,4563,38,"[{""blankLines"":0,""language"":""JSON"",""commentLines"":0,""codeLines"":4170},{""blankLines"":0,""language"":""TypeScript"",""commentLines"":0,""codeLines"":11},{""blankLines"":52,""language"":""JavaScript"",""commentLines"":38,""codeLines"":252},{""blankLines"":47,""language"":""Markdown"",""commentLines"":0,""codeLines"":76},{""blankLines"":1,""language"":""Bourne Shell"",""commentLines"":0,""codeLines"":3},{""blankLines"":9,""language"":""YAML"",""commentLines"":0,""codeLines"":51}]",2026-02-23T03:44:26,2bbbb569a339b79d535bfe754f3614e70cdd30eb,false,false,false,false,"{""JavaScript"":6157,""Shell"":62}",bug;dependencies;duplicate;enhancement;github_actions;invalid;javascript;question;wontfix,
4274288,mcollina/syncthrough,false,64,2,6,3,JavaScript,master,MIT License,,4,110,4,56,2016-12-20T11:47:57,2026-02-09T11:06:56,2026-02-09T11:06:53,8,1,25,0,271,1023,5,"[{""blankLines"":0,""language"":""JSON"",""commentLines"":0,""codeLines"":38},{""blankLines"":6,""language"":""YAML"",""commentLines"":0,""codeLines"":40},{""blankLines"":29,""language"":""Markdown"",""commentLines"":0,""codeLines"":70},{""blankLines"":236,""language"":""JavaScript"",""commentLines"":5,""codeLines"":875}]",2026-02-09T11:06:48,a333a304d1e0d33678f98f4a742744e0c63bb35e,true,false,false,false,"{""JavaScript"":26037}",bug;dependencies;duplicate;enhancement;help wanted;invalid;javascript;question;wontfix,
4275293,kzahel/jstorrent,false,449,2,0,110,JavaScript,fresh,Other,https://www.jstorrent.com,27,385,3,2173,2013-09-22T06:00:22,2017-04-08T06:55:41,2021-02-01T02:52:39,172,99,9,2,4730,30863,4385,"[{""blankLines"":100,""language"":""CSS"",""commentLines"":101,""codeLines"":682},{""blankLines"":29,""language"":""Markdown"",""commentLines"":0,""codeLines"":82},{""blankLines"":486,""language"":""HTML"",""commentLines"":237,""codeLines"":1419},{""blankLines"":4105,""language"":""JavaScript"",""commentLines"":4044,""codeLines"":28328},{""blankLines"":0,""language"":""JSON"",""commentLines"":0,""codeLines"":298},{""blankLines"":10,""language"":""Bourne Shell"",""commentLines"":3,""codeLines"":54}]",2017-04-08T06:55:30,7f3d7687df8059f13b2280fad6dfdc51f8a01b7a,true,false,false,false,"{""JavaScript"":810586,""HTML"":65107,""CSS"":7850,""Shell"":1983}",bug;duplicate;enhancement;invalid;question;wontfix,
4278094,okturtles/group-income,false,2418,72,58,49,JavaScript,master,GNU Affero General Public License v3.0,https://groupincome.org,22,349,27,24986,2016-03-25T01:22:51,2026-02-23T06:01:49,2026-02-22T03:43:32,1711,379,1266,12,11272,149466,9218,"[{""blankLines"":998,""language"":""SCSS"",""commentLines"":191,""codeLines"":5557},{""blankLines"":5,""language"":""Dockerfile"",""commentLines"":15,""codeLines"":13},{""blankLines"":1,""language"":""JSON"",""commentLines"":0,""codeLines"":32347},{""blankLines"":4625,""language"":""Vuejs Component"",""commentLines"":1365,""codeLines"":41627},{""blankLines"":1,""language"":""HTML"",""commentLines"":3,""codeLines"":74},{""blankLines"":36,""language"":""Text"",""commentLines"":0,""codeLines"":150},{""blankLines"":0,""language"":""TOML"",""commentLines"":0,""codeLines"":6},{""blankLines"":4259,""language"":""JavaScript"",""commentLines"":7490,""codeLines"":61442},{""blankLines"":27,""language"":""YAML"",""commentLines"":35,""codeLines"":135},{""blankLines"":0,""language"":""SVG"",""commentLines"":0,""codeLines"":3120},{""blankLines"":663,""language"":""Markdown"",""commentLines"":3,""codeLines"":1445},{""blankLines"":645,""language"":""Sass"",""commentLines"":104,""codeLines"":3520},{""blankLines"":12,""language"":""Bourne Shell"",""commentLines"":12,""codeLines"":30}]",2026-02-22T01:42:08,5ea2f8e96ca16c23d3e168d1c42ad54351c5eaa7,true,false,false,false,"{""JavaScript"":3397347,""Vue"":1256759,""SCSS"":133884,""HTML"":3155,""Shell"":1543,""Dockerfile"":1046}",Note:Needs Reproduction;app:backend;app:frontend;dependencies;kind:bug;kind:community;kind:core;kind:documentation;kind:enhancement;kind:process;kind:test;level:advanced;level:starter;milepost;note: hackathon;note:accessibility;note:blog idea;note:bounty;note:contracts;note:discussion;note:duplicate;note:on hold;note:payments;note:question;note:reassigned;note:research;note:security;note:stale;note:tooling;note:ui/ux;note:wontfix;priority:high;priority:low,basic-income;basicincome;end-to-end-encryption;hacktoberfest;vbi;voluntary-basic-income
4280376,cfenner/mmm-airquality,false,83,6,4,15,JavaScript,main,MIT License,,2,38,5,340,2016-03-30T10:33:36,2026-02-13T03:11:56,2026-02-12T11:41:14,19,4,65,5,50,4104,28,"[{""blankLines"":3,""language"":""YAML"",""commentLines"":1,""codeLines"":64},{""blankLines"":0,""language"":""JSON"",""commentLines"":0,""codeLines"":3787},{""blankLines"":37,""language"":""Markdown"",""commentLines"":6,""codeLines"":69},{""blankLines"":8,""language"":""JavaScript"",""commentLines"":21,""codeLines"":156},{""blankLines"":2,""language"":""INI"",""commentLines"":0,""codeLines"":14},{""blankLines"":0,""language"":""Nunjucks"",""commentLines"":0,""codeLines"":14}]",2026-02-12T11:41:09,484eb081e4df3a001aa4ab975b7a5a236b679ae0,false,false,false,false,"{""JavaScript"":5551,""Nunjucks"":423}",bug;duplicate;enhancement;help wanted;invalid;question;wontfix,air-quality;magic-mirror-modules;magicmirror
4280737,robspectre/talks,false,107,1,0,22,JavaScript,master,,,18,187,3,829737,2011-02-26T01:19:23,2017-05-22T05:36:07,2020-12-13T12:39:12,0,0,2,0,2345,13730,488,"[{""blankLines"":1,""language"":""Bourne Shell"",""commentLines"":0,""codeLines"":8},{""blankLines"":49,""language"":""HTML"",""commentLines"":14,""codeLines"":1898},{""blankLines"":706,""language"":""reStructuredText"",""commentLines"":107,""codeLines"":1131},{""blankLines"":25,""language"":""Python"",""commentLines"":4,""codeLines"":141},{""blankLines"":552,""language"":""CSS"",""commentLines"":231,""codeLines"":1961},{""blankLines"":0,""language"":""CSV"",""commentLines"":0,""codeLines"":345},{""blankLines"":177,""language"":""Sass"",""commentLines"":36,""codeLines"":643},{""blankLines"":496,""language"":""JavaScript"",""commentLines"":96,""codeLines"":4296},{""blankLines"":0,""language"":""XML"",""commentLines"":0,""codeLines"":525},{""blankLines"":339,""language"":""Markdown"",""commentLines"":0,""codeLines"":2511},{""blankLines"":0,""language"":""JSON"",""commentLines"":0,""codeLines"":271}]",2017-05-22T05:32:16,9f0770ef15a8a0e359096790b3b06e6979be03f9,true,false,false,false,,,
4280816,tgies/client-certificate-auth,false,141,2,9,10,JavaScript,master,MIT License,,3,80,2,804,2013-05-01T05:50:08,2026-02-23T09:38:06,2026-02-23T09:38:12,7,0,30,0,1371,16471,1115,"[{""blankLines"":4,""language"":""INI"",""commentLines"":0,""codeLines"":14},{""blankLines"":66,""language"":""TypeScript"",""commentLines"":335,""codeLines"":218},{""blankLines"":894,""language"":""JavaScript"",""commentLines"":765,""codeLines"":5437},{""blankLines"":90,""language"":""YAML"",""commentLines"":11,""codeLines"":609},{""blankLines"":3,""language"":""Dockerfile"",""commentLines"":2,""codeLines"":7},{""blankLines"":314,""language"":""Markdown"",""commentLines"":2,""codeLines"":875},{""blankLines"":0,""language"":""JSON"",""commentLines"":0,""codeLines"":9311}]",2026-02-23T09:37:38,a5685549af86ed023a1f884bbb45eeb2495f5e81,true,false,false,false,"{""JavaScript"":259302,""TypeScript"":9485,""Dockerfile"":252}",bug;dependencies;duplicate;enhancement;github_actions;invalid;javascript;question;wontfix,authentication;authorization;client-certificate;client-certificate-authentication;client-certificates;express;express-middleware;expressjs;expressjs-middleware;middleware;security;ssl;tls;tls-certificate
4281693,nfriedly/couchdb-backup-restore,false,110,31,0,4,JavaScript,master,MIT License,,2,12,4,509,2015-08-17T08:04:13,2026-02-14T12:43:35,2026-02-11T06:12:54,3,1,68,1,91,3006,20,"[{""blankLines"":0,""language"":""JSON"",""commentLines"":0,""codeLines"":2574},{""blankLines"":49,""language"":""JavaScript"",""commentLines"":18,""codeLines"":318},{""blankLines"":2,""language"":""INI"",""commentLines"":0,""codeLines"":9},{""blankLines"":11,""language"":""YAML"",""commentLines"":2,""codeLines"":45},{""blankLines"":29,""language"":""Markdown"",""commentLines"":0,""codeLines"":60}]",2026-02-11T06:12:49,5cd20dfebc0c1a8778a9e86c56f7013a197e9179,true,false,false,false,"{""JavaScript"":10932}",bug;dependencies;duplicate;enhancement;greenkeeper;help wanted;invalid;javascript;question;wontfix,
4282037,expressjs/basic-auth-connect,false,18,8,1,30,JavaScript,master,MIT License,,15,135,7,51,2014-01-08T08:02:40,2026-01-03T06:04:58,2026-01-05T08:55:59,1,1,31,8,81,375,114,"[{""blankLines"":2,""language"":""make"",""commentLines"":0,""codeLines"":6},{""blankLines"":27,""language"":""YAML"",""commentLines"":54,""codeLines"":149},{""blankLines"":13,""language"":""Markdown"",""commentLines"":0,""codeLines"":29},{""blankLines"":0,""language"":""JSON"",""commentLines"":0,""codeLines"":36},{""blankLines"":39,""language"":""JavaScript"",""commentLines"":60,""codeLines"":155}]",2025-09-02T08:11:49,856183e95f7bea8579c4ee07f225b2e3edb8b8b8,true,false,false,false,"{""JavaScript"":6401,""Makefile"":116}",bug;dependencies;deprecate;deps;discuss;docs;duplicate;enhancement;fast tack;future;github_actions;help wanted;ideas;invalid;investigate;low priority;needs tests;pr;question;release;tests;wontfix,
4303125,dburles/mongo-collection-instances,false,77,1,17,18,JavaScript,master,MIT License,http://atmospherejs.com/dburles/mongo-collection-instances,6,71,6,34,2014-10-13T02:17:50,2017-06-28T01:06:31,2020-10-15T09:56:58,16,9,19,6,53,180,2,"[{""blankLines"":6,""language"":""YAML"",""commentLines"":0,""codeLines"":25},{""blankLines"":29,""language"":""Markdown"",""commentLines"":0,""codeLines"":53},{""blankLines"":18,""language"":""JavaScript"",""commentLines"":2,""codeLines"":102}]",2016-01-07T09:50:50,039a846b99e98301c608b9e477eef6dd9d5f1f2d,true,false,false,false,,,
4304821,crypto-browserify/cipher-base,false,22,2,4,15,JavaScript,master,MIT License,,2,12,3,22,2015-09-26T09:00:28,2020-12-22T05:18:55,2019-12-10T11:46:54,5,2,8,2,28,235,2,"[{""blankLines"":0,""language"":""YAML"",""commentLines"":0,""codeLines"":6},{""blankLines"":5,""language"":""Markdown"",""commentLines"":0,""codeLines"":12},{""blankLines"":23,""language"":""JavaScript"",""commentLines"":2,""codeLines"":185},{""blankLines"":0,""language"":""JSON"",""commentLines"":0,""codeLines"":32}]",2017-07-06T12:04:19,bc18dc847050c34f11f7a0472ff13a76b53fedc6,true,false,false,false,,,
4305469,yesiamrocks/scrolly.js,false,22,1,2,12,JavaScript,master,,https://cssanimation.io/scrollyjs/index.html,10,42,1,27,2017-05-31T11:30:38,2023-12-24T08:39:41,2023-12-24T08:40:38,0,0,0,0,226,1212,70,"[{""blankLines"":97,""language"":""Markdown"",""commentLines"":0,""codeLines"":595},{""blankLines"":124,""language"":""JavaScript"",""commentLines"":62,""codeLines"":587},{""blankLines"":5,""language"":""YAML"",""commentLines"":8,""codeLines"":30}]",2023-12-24T08:39:40,ce6515f616ecfdb43cff0d091c661f917c4ea9fd,true,false,false,false,"{""JavaScript"":34155}",bug;duplicate;enhancement;help wanted;invalid;question;wontfix,css-animation-effects;css3-animation;javascript-animation-library;parallax-effect;scroll-js;scrolling-website;text-animation;vertical-scroll
4307259,tolonuk/leaflet.edgebuffer,false,38,8,1,16,JavaScript,main,MIT License,,9,89,4,102,2015-06-21T07:48:51,2026-01-01T02:48:59,2026-01-01T02:49:04,17,6,10,0,56,1857,16,"[{""blankLines"":4,""language"":""CSS"",""commentLines"":0,""codeLines"":18},{""blankLines"":22,""language"":""HTML"",""commentLines"":4,""codeLines"":101},{""blankLines"":0,""language"":""JSON"",""commentLines"":0,""codeLines"":1638},{""blankLines"":3,""language"":""TypeScript"",""commentLines"":7,""codeLines"":12},{""blankLines"":8,""language"":""JavaScript"",""commentLines"":5,""codeLines"":42},{""blankLines"":0,""language"":""YAML"",""commentLines"":0,""codeLines"":19},{""blankLines"":19,""language"":""Markdown"",""commentLines"":0,""codeLines"":27}]",2026-01-01T02:48:59,8f9491f20b32126c626056409b9636332d6aef79,true,false,false,false,"{""JavaScript"":1388,""TypeScript"":251}",bug;dependencies;duplicate;enhancement;help wanted;invalid;javascript;question;wontfix,
4308602,pirxpilot/connect-gzip-static,false,93,2,0,15,JavaScript,main,MIT License,,3,41,5,58,2013-09-17T02:05:26,2025-10-25T06:03:00,2025-10-25T06:03:04,10,0,8,0,145,645,8,"[{""blankLines"":5,""language"":""YAML"",""commentLines"":1,""codeLines"":34},{""blankLines"":0,""language"":""CSS"",""commentLines"":0,""codeLines"":2},{""blankLines"":5,""language"":""make"",""commentLines"":0,""codeLines"":10},{""blankLines"":0,""language"":""Text"",""commentLines"":0,""codeLines"":1},{""blankLines"":0,""language"":""HTML"",""commentLines"":0,""codeLines"":1},{""blankLines"":3,""language"":""INI"",""commentLines"":0,""codeLines"":12},{""blankLines"":66,""language"":""JavaScript"",""commentLines"":7,""codeLines"":347},{""blankLines"":66,""language"":""Markdown"",""commentLines"":0,""codeLines"":131},{""blankLines"":0,""language"":""JSON"",""commentLines"":0,""codeLines"":107}]",2025-10-25T06:02:59,97aceabb87ca67499d25643592ddef302b3eddd8,false,false,false,false,"{""JavaScript"":11611,""Makefile"":244}",bug;duplicate;enhancement;invalid;question;wontfix,brotli;express-middleware;gzip;middleware
4308717,jj/nodeo,false,447,3,0,6,JavaScript,master,GNU General Public License v3.0,,5,22,7,1344,2013-11-06T05:27:41,2026-01-29T04:16:28,2026-01-29T04:16:37,55,22,26,1,666,8689,791,"[{""blankLines"":39,""language"":""Markdown"",""commentLines"":0,""codeLines"":83},{""blankLines"":8,""language"":""HTML"",""commentLines"":3,""codeLines"":30},{""blankLines"":1,""language"":""JSON"",""commentLines"":0,""codeLines"":5441},{""blankLines"":616,""language"":""JavaScript"",""commentLines"":787,""codeLines"":3074},{""blankLines"":1,""language"":""Bourne Shell"",""commentLines"":1,""codeLines"":4},{""blankLines"":1,""language"":""YAML"",""commentLines"":0,""codeLines"":57}]",2026-01-29T04:16:21,4e0dbc9153472a7c4ea830855c0ddcca65c96e11,true,false,false,false,"{""JavaScript"":82184,""HTML"":1003,""Shell"":262}",bug;dependencies;duplicate;enhancement;hacktoberfest;invalid;javascript;question;user-story;wontfix,
4309363,gottox/terminal.js,false,623,11,0,64,JavaScript,main,MIT License,http://terminal.js.org,21,605,8,2513,2012-05-15T11:53:51,2026-01-22T06:57:38,2026-01-22T06:57:35,82,14,73,2,535,13138,1033,"[{""blankLines"":2,""language"":""Bourne Shell"",""commentLines"":6,""codeLines"":11},{""blankLines"":13,""language"":""Markdown"",""commentLines"":0,""codeLines"":20},{""blankLines"":513,""language"":""JavaScript"",""commentLines"":1026,""codeLines"":3403},{""blankLines"":0,""language"":""JSON"",""commentLines"":0,""codeLines"":9650},{""blankLines"":2,""language"":""YAML"",""commentLines"":0,""codeLines"":26},{""blankLines"":5,""language"":""HTML"",""commentLines"":1,""codeLines"":28}]",2026-01-22T06:57:31,b6fe3562c95f200b327e865fc5b33df8744ea0ac,true,false,false,false,"{""JavaScript"":122279,""HTML"":863,""Shell"":464}",bug;dependencies;duplicate;enhancement;invalid;javascript;question;wontfix,
4512630,mcastillof/faketraveler,false,215,1,10,141,JavaScript,master,GNU General Public License v3.0,,22,1179,18,15318,2018-07-23T12:03:10,2026-02-21T08:06:18,2026-02-22T07:06:18,74,26,26,0,464,4045,438,"[{""blankLines"":9,""language"":""Gradle"",""commentLines"":0,""codeLines"":55},{""blankLines"":2,""language"":""YAML"",""commentLines"":0,""codeLines"":93},{""blankLines"":0,""language"":""Properties"",""commentLines"":12,""codeLines"":13},{""blankLines"":28,""language"":""Bourne Shell"",""commentLines"":118,""codeLines"":105},{""blankLines"":72,""language"":""XML"",""commentLines"":42,""codeLines"":586},{""blankLines"":79,""language"":""JavaScript"",""commentLines"":160,""codeLines"":1636},{""blankLines"":19,""language"":""Markdown"",""commentLines"":0,""codeLines"":40},{""blankLines"":21,""language"":""DOS Batch"",""commentLines"":2,""codeLines"":71},{""blankLines"":3,""language"":""ProGuard"",""commentLines"":18,""codeLines"":0},{""blankLines"":163,""language"":""Java"",""commentLines"":59,""codeLines"":759},{""blankLines"":5,""language"":""Text"",""commentLines"":0,""codeLines"":50},{""blankLines"":56,""language"":""CSS"",""commentLines"":27,""codeLines"":578},{""blankLines"":7,""language"":""HTML"",""commentLines"":0,""codeLines"":59}]",2026-02-21T08:06:18,b6e5475cf1c73aeb92c5952c9fb68204464d1ecc,true,false,false,false,"{""JavaScript"":66291,""Java"":35283,""CSS"":14806,""HTML"":1834}",bug;duplicate;enhancement;good first issue;help wanted;invalid;question;wontfix,android-application;fake-locations;floss;mock-locations;opensource
4620471,labithiotis/express-list-routes,false,49,1,8,16,JavaScript,main,BSD 3-Clause New or Revised License,,5,44,5,211,2015-01-28T09:04:57,2025-11-26T02:23:06,2025-11-26T02:22:42,17,0,13,0,129,11109,26,"[{""blankLines"":12,""language"":""YAML"",""commentLines"":0,""codeLines"":91},{""blankLines"":21,""language"":""Markdown"",""commentLines"":0,""codeLines"":81},{""blankLines"":0,""language"":""JSON"",""commentLines"":0,""codeLines"":10538},{""blankLines"":5,""language"":""TypeScript"",""commentLines"":4,""codeLines"":24},{""blankLines"":91,""language"":""JavaScript"",""commentLines"":22,""codeLines"":375}]",2025-11-26T02:22:35,331b7ec2c95f002fc1d55c67d6a0c39e973cc232,false,false,false,false,"{""JavaScript"":14381}",bug;duplicate;enhancement;help wanted;invalid;question;wontfix,
4628315,nice-registry/download-counts,false,15,17,0,5,JavaScript,master,,,2,16,3,886060,2017-01-13T06:32:16,2026-02-11T02:40:44,2026-02-08T09:24:11,2,1,7,0,62,395,196,"[{""blankLines"":0,""language"":""JSON"",""commentLines"":0,""codeLines"":19},{""blankLines"":42,""language"":""JavaScript"",""commentLines"":186,""codeLines"":287},{""blankLines"":3,""language"":""YAML"",""commentLines"":9,""codeLines"":25},{""blankLines"":13,""language"":""Markdown"",""commentLines"":0,""codeLines"":45},{""blankLines"":4,""language"":""Bourne Shell"",""commentLines"":1,""codeLines"":19}]",2025-11-16T04:48:18,c221755e4a04bfe17492c6251b0f9e9d7b71c2e8,true,false,false,false,"{""JavaScript"":35053,""Shell"":635}",bug;duplicate;enhancement;help wanted;invalid;question;wontfix,
4631169,hubotio/hubot-redis-brain,false,108,1,12,59,JavaScript,main,,,8,69,13,538,2014-10-18T07:51:32,2026-02-14T06:01:12,2026-02-14T06:01:10,27,1,50,0,76,7574,13,"[{""blankLines"":29,""language"":""Markdown"",""commentLines"":0,""codeLines"":48},{""blankLines"":2,""language"":""INI"",""commentLines"":0,""codeLines"":10},{""blankLines"":1,""language"":""YAML"",""commentLines"":0,""codeLines"":103},{""blankLines"":44,""language"":""JavaScript"",""commentLines"":13,""codeLines"":315},{""blankLines"":0,""language"":""JSON"",""commentLines"":0,""codeLines"":7098}]",2026-02-14T06:01:05,c6dd384c9a8817b2c2dd4a94c72adfcdf523df0f,true,false,false,false,"{""JavaScript"":10630}",bug;dependencies;duplicate;enhancement;help wanted;invalid;javascript;question;released;semantic-release;stale;wontfix,hubot;hubot-scripts
4637682,monteslu/pagenodes,false,2094,37,0,33,JavaScript,master,Apache License 2.0,https://pagenodes.com,19,222,27,18261,2015-11-03T05:04:12,2026-02-06T10:22:31,2026-02-05T06:10:33,58,6,62,3,5302,42253,2931,"[{""blankLines"":2180,""language"":""JSX"",""commentLines"":983,""codeLines"":16788},{""blankLines"":374,""language"":""Sass"",""commentLines"":4,""codeLines"":3094},{""blankLines"":0,""language"":""SVG"",""commentLines"":0,""codeLines"":2},{""blankLines"":2158,""language"":""JavaScript"",""commentLines"":1895,""codeLines"":11242},{""blankLines"":13,""language"":""YAML"",""commentLines"":0,""codeLines"":39},{""blankLines"":0,""language"":""JSON"",""commentLines"":0,""codeLines"":7901},{""blankLines"":87,""language"":""Markdown"",""commentLines"":0,""codeLines"":269},{""blankLines"":0,""language"":""HTML"",""commentLines"":0,""codeLines"":26},{""blankLines"":490,""language"":""CSS"",""commentLines"":49,""codeLines"":2892}]",2026-02-05T06:04:44,d5804023eaaf2ee26c6667d43dfbc11c6c7557f5,true,false,false,false,"{""JavaScript"":1091050,""CSS"":62031,""HTML"":727}",bug;duplicate;enhancement;help wanted;invalid;question;wontfix,automation;browser;flow-based-programming;iot;javascript;mqtt;node-red;visual-programming;websocket
4641290,jamesacampbell/elector,false,26,2,0,6,JavaScript,master,GNU General Public License v3.0,,0,22,3,38820,2016-09-02T01:41:32,2017-10-20T01:36:35,2020-10-29T07:53:40,6,5,1,0,4465,25875,8702,"[{""blankLines"":0,""language"":""HTML"",""commentLines"":0,""codeLines"":21},{""blankLines"":13,""language"":""CSS"",""commentLines"":11,""codeLines"":2214},{""blankLines"":28,""language"":""JSX"",""commentLines"":14,""codeLines"":391},{""blankLines"":0,""language"":""JSON"",""commentLines"":0,""codeLines"":22},{""blankLines"":4389,""language"":""JavaScript"",""commentLines"":8677,""codeLines"":22524},{""blankLines"":0,""language"":""SVG"",""commentLines"":0,""codeLines"":640},{""blankLines"":35,""language"":""Markdown"",""commentLines"":0,""codeLines"":63}]",2017-10-20T01:36:34,de9fb975c758849af3bdfd05567ed69b193e085b,true,false,false,false,"{""JavaScript"":510549,""CSS"":4107,""HTML"":807}",bug;duplicate;enhancement;help wanted;invalid;question;wontfix,
4643243,vtempest/create-node-web-app,false,89,1,0,2,JavaScript,master,,,1,13,,324,2015-06-12T09:39:51,2017-10-25T09:38:19,2017-11-29T07:08:25,,,,,130,324,13,"[{""blankLines"":22,""language"":""EJS"",""commentLines"":0,""codeLines"":62},{""blankLines"":77,""language"":""JavaScript"",""commentLines"":13,""codeLines"":166},{""blankLines"":1,""language"":""JSON"",""commentLines"":0,""codeLines"":39},{""blankLines"":30,""language"":""Markdown"",""commentLines"":0,""codeLines"":57}]",2017-10-25T09:38:18,ed84fe4db5ab9ebc4f9f23a9301396ab81045f0e,true,false,false,false,"{""JavaScript"":5470,""HTML"":2188}",bug;duplicate;enhancement;help wanted;invalid;question;wontfix,
4646329,ianperrin/mmm-modulescheduler,false,85,2,8,14,JavaScript,master,MIT License,,12,109,3,1031,2016-09-14T09:13:20,2025-04-28T04:50:43,2025-04-28T04:50:47,37,5,15,0,129,3330,77,"[{""blankLines"":9,""language"":""YAML"",""commentLines"":2,""codeLines"":39},{""blankLines"":2,""language"":""INI"",""commentLines"":0,""codeLines"":13},{""blankLines"":64,""language"":""Markdown"",""commentLines"":0,""codeLines"":240},{""blankLines"":0,""language"":""JSON"",""commentLines"":0,""codeLines"":2557},{""blankLines"":54,""language"":""JavaScript"",""commentLines"":75,""codeLines"":481}]",2025-04-28T04:50:43,adbef27b28548591061fff8328c58d6d025a5a9f,false,false,false,false,"{""JavaScript"":21645}",bug;dependencies;duplicate;enhancement;help wanted;invalid;notsupported;question;wontfix,
4660331,sunesimonsen/ukkonen,false,92,4,0,4,JavaScript,master,MIT License,,6,130,2,1754,2017-11-02T08:38:38,2025-05-19T04:15:07,2025-05-19T04:13:45,1,0,76,3,128,542,33,"[{""blankLines"":1,""language"":""TypeScript"",""commentLines"":8,""codeLines"":2},{""blankLines"":54,""language"":""JavaScript"",""commentLines"":19,""codeLines"":328},{""blankLines"":0,""language"":""JSON"",""commentLines"":0,""codeLines"":52},{""blankLines"":63,""language"":""Markdown"",""commentLines"":0,""codeLines"":126},{""blankLines"":5,""language"":""YAML"",""commentLines"":2,""codeLines"":26},{""blankLines"":5,""language"":""INI"",""commentLines"":4,""codeLines"":8}]",2025-05-19T04:13:41,9085686548b5f6eb26d3a6e9f1857dd15a83c5e5,true,false,false,false,"{""JavaScript"":18159}",bug;dependencies;duplicate;enhancement;good first issue;help wanted;invalid;javascript;question;wontfix,
4687995,textlint-rule/textlint-rule-write-good,false,96,4,1,2,JavaScript,master,,,4,18,6,340,2016-03-16T03:19:41,2025-09-07T10:01:03,2025-09-07T10:01:05,3,1,73,3,26,210,0,"[{""blankLines"":0,""language"":""JSON"",""commentLines"":0,""codeLines"":58},{""blankLines"":8,""language"":""JavaScript"",""commentLines"":0,""codeLines"":59},{""blankLines"":1,""language"":""YAML"",""commentLines"":0,""codeLines"":49},{""blankLines"":17,""language"":""Markdown"",""commentLines"":0,""codeLines"":42},{""blankLines"":0,""language"":""Bourne Shell"",""commentLines"":0,""codeLines"":2}]",2025-09-07T10:01:01,c3dcc5de17993bdb2b38297f48f6ac3357771cba,true,false,false,false,"{""JavaScript"":1707,""Shell"":39}",duplicate;good first issue;help wanted;priority: critical;priority: high;priority: low;priority: medium;status: abandoned;status: blocked;status: in progress;status: need more info;status: pr welcome;status: proposal;status: review needed;type: breaking change;type: bug;type: ci;type: dependencies;type: documentation;type: feature;type: maintenance;type: meta;type: question;type: refactoring;type: release;type: security;type: testing,english-grammar;textlint;textlint-rule
4707707,availity/metalsmith-prism,false,119,1,18,17,JavaScript,master,MIT License,,31,20,9,65,2015-02-20T11:54:12,2018-01-18T04:05:59,2019-06-10T07:16:42,10,1,13,0,133,4817,33,"[{""blankLines"":0,""language"":""HTML"",""commentLines"":0,""codeLines"":64},{""blankLines"":74,""language"":""JavaScript"",""commentLines"":28,""codeLines"":177},{""blankLines"":6,""language"":""YAML"",""commentLines"":5,""codeLines"":34},{""blankLines"":53,""language"":""Markdown"",""commentLines"":0,""codeLines"":104},{""blankLines"":0,""language"":""JSON"",""commentLines"":0,""codeLines"":4438}]",2018-01-18T04:05:58,8db23a433d600b3fd13e33779cbd264e053d7caf,true,true,false,false,"{""JavaScript"":5932}",bug;duplicate;enhancement;help wanted;invalid;question;wontfix,
4725965,wyntau/wyntau.github.io,false,183,2,0,10,JavaScript,master,,http://isay.me,1,16,2,20354,2013-04-05T02:52:48,2025-11-19T11:47:14,2025-11-19T11:46:59,3,1,15,0,3838,13931,178,"[{""blankLines"":26,""language"":""HTML"",""commentLines"":1,""codeLines"":1826},{""blankLines"":24,""language"":""YAML"",""commentLines"":80,""codeLines"":97},{""blankLines"":3747,""language"":""Markdown"",""commentLines"":6,""codeLines"":11084},{""blankLines"":0,""language"":""JSON"",""commentLines"":0,""codeLines"":11},{""blankLines"":41,""language"":""JavaScript"",""commentLines"":91,""codeLines"":913}]",2025-11-19T11:46:54,ed386cccb91dbdcdea51f4681f0e553f7461e95c,false,false,false,false,"{""CSS"":16999,""JavaScript"":9941,""HTML"":2305,""Ruby"":228}",bug;duplicate;enhancement;invalid;question;wontfix,
4729786,rexxars/react-lowlight,false,111,2,4,2,JavaScript,main,MIT License,http://rexxars.github.io/react-lowlight/,4,108,5,1483,2016-03-13T12:43:42,2025-02-05T07:53:16,2025-02-05T07:53:13,9,0,10,0,135,6453,2,"[{""blankLines"":0,""language"":""TypeScript"",""commentLines"":0,""codeLines"":22},{""blankLines"":64,""language"":""JavaScript"",""commentLines"":2,""codeLines"":272},{""blankLines"":7,""language"":""JSX"",""commentLines"":0,""codeLines"":27},{""blankLines"":0,""language"":""JSON"",""commentLines"":0,""codeLines"":5915},{""blankLines"":31,""language"":""Markdown"",""commentLines"":0,""codeLines"":67},{""blankLines"":14,""language"":""YAML"",""commentLines"":0,""codeLines"":52},{""blankLines"":2,""language"":""HTML"",""commentLines"":0,""codeLines"":23},{""blankLines"":9,""language"":""CSS"",""commentLines"":0,""codeLines"":56},{""blankLines"":8,""language"":""INI"",""commentLines"":0,""codeLines"":19}]",2025-02-05T07:53:09,f0ab8790b4ceff2c0969d3ecf94afd6ce39fa4ea,false,false,false,false,"{""JavaScript"":8920}",bug;dependencies;duplicate;enhancement;help wanted;invalid;question;wontfix,react;syntax;syntax-highlighting
4743367,robinmalburn/redux-persist-chrome-storage,false,47,4,0,6,JavaScript,master,MIT License,,1,24,2,423,2018-02-23T10:04:43,2026-02-17T07:14:18,2026-02-17T07:08:21,1,0,16,0,1004,3740,77,"[{""blankLines"":2,""language"":""INI"",""commentLines"":0,""codeLines"":5},{""blankLines"":932,""language"":""YAML"",""commentLines"":1,""codeLines"":3485},{""blankLines"":14,""language"":""Markdown"",""commentLines"":0,""codeLines"":26},{""blankLines"":0,""language"":""JSON"",""commentLines"":0,""codeLines"":60},{""blankLines"":56,""language"":""JavaScript"",""commentLines"":76,""codeLines"":164}]",2026-02-17T07:08:13,2507f5ade1cf4f543f9b234ca0e050fe928c063c,true,false,false,false,"{""JavaScript"":7844}",bug;dependencies;duplicate;enhancement;good first issue;help wanted;invalid;javascript;question;wontfix,
4745333,colorjs/color-space,false,384,3,3,29,JavaScript,master,The Unlicense,http://colorjs.github.io/color-space/,9,352,15,803,2014-11-23T01:39:15,2026-01-07T09:31:47,2026-01-07T07:43:35,34,20,23,1,1040,6324,1012,"[{""blankLines"":48,""language"":""HTML"",""commentLines"":0,""codeLines"":252},{""blankLines"":71,""language"":""Markdown"",""commentLines"":20,""codeLines"":225},{""blankLines"":126,""language"":""TypeScript"",""commentLines"":7,""codeLines"":711},{""blankLines"":789,""language"":""JavaScript"",""commentLines"":981,""codeLines"":4284},{""blankLines"":6,""language"":""YAML"",""commentLines"":4,""codeLines"":27},{""blankLines"":0,""language"":""JSON"",""commentLines"":0,""codeLines"":825}]",2025-11-20T07:12:13,af0e1eca6ebc963cc9a42ff620afafd5dca54158,true,false,false,false,"{""JavaScript"":103458,""TypeScript"":1502,""HTML"":223}",bug;duplicate;enhancement;feature;greenkeeper;help wanted;invalid;question;wontfix,color;colorjs
4747724,miataru/miataru-server,false,300,2,5,7,JavaScript,master,BSD 2-Clause Simplified License,https://miataru.com/,5,39,2,1826,2013-08-17T09:54:44,2026-02-21T10:48:50,2026-02-21T10:48:53,2,1,49,0,21358,208680,1016,"[{""blankLines"":1,""language"":""CSV"",""commentLines"":0,""codeLines"":64},{""blankLines"":157,""language"":""CSS"",""commentLines"":38,""codeLines"":1141},{""blankLines"":0,""language"":""Text"",""commentLines"":0,""codeLines"":1118},{""blankLines"":20,""language"":""HTML"",""commentLines"":10,""codeLines"":257},{""blankLines"":18871,""language"":""Markdown"",""commentLines"":64,""codeLines"":191438},{""blankLines"":4,""language"":""make"",""commentLines"":0,""codeLines"":11},{""blankLines"":2209,""language"":""JavaScript"",""commentLines"":836,""codeLines"":12281},{""blankLines"":30,""language"":""YAML"",""commentLines"":6,""codeLines"":873},{""blankLines"":0,""language"":""JSON"",""commentLines"":0,""codeLines"":1164},{""blankLines"":9,""language"":""Dockerfile"",""commentLines"":3,""codeLines"":17},{""blankLines"":57,""language"":""Bourne Shell"",""commentLines"":59,""codeLines"":316}]",2026-02-21T10:48:31,c22f663e635fbdf0f8054b2112477e2e5dd84ac3,false,false,false,false,"{""JavaScript"":563116,""CSS"":25875,""Shell"":13677,""HTML"":11217,""Dockerfile"":435,""Makefile"":377}",bug;codex;duplicate;enhancement;invalid;question;wontfix,
4783377,crypto-browserify/ripemd160,false,68,1,9,15,JavaScript,master,MIT License,,3,29,9,47,2013-11-04T04:58:04,2018-04-19T06:07:22,2020-07-30T07:10:48,8,1,14,0,48,284,5,"[{""blankLines"":30,""language"":""JavaScript"",""commentLines"":5,""codeLines"":149},{""blankLines"":0,""language"":""JSON"",""commentLines"":0,""codeLines"":37},{""blankLines"":18,""language"":""Markdown"",""commentLines"":0,""codeLines"":81},{""blankLines"":0,""language"":""YAML"",""commentLines"":0,""codeLines"":17}]",2018-04-19T06:06:37,3419c6409799d37e0323a556c94d040154657d9d,true,false,false,false,"{""JavaScript"":5131}",bug;duplicate;enhancement;greenkeeper;invalid;question;wontfix,
4790594,mvhenten/ellipsize,false,58,4,7,5,JavaScript,main,MIT License,,1,45,5,259,2014-03-07T09:22:19,2025-10-03T10:10:03,2025-10-03T10:09:23,6,0,16,0,67,11074,80,"[{""blankLines"":0,""language"":""TypeScript"",""commentLines"":30,""codeLines"":9},{""blankLines"":29,""language"":""JavaScript"",""commentLines"":44,""codeLines"":259},{""blankLines"":5,""language"":""YAML"",""commentLines"":6,""codeLines"":40},{""blankLines"":33,""language"":""Markdown"",""commentLines"":0,""codeLines"":80},{""blankLines"":0,""language"":""JSON"",""commentLines"":0,""codeLines"":10686}]",2025-10-03T10:09:19,bf53072665075af63e2bbfbe1d7a351ca484824a,true,false,false,false,"{""JavaScript"":8113}",bug;dependencies;duplicate;enhancement;invalid;question;released;wontfix,
4791199,mafintosh/to-buffer,false,11,1,4,6,JavaScript,master,MIT License,,1,27,2,5,2016-02-15T08:00:57,2018-04-26T02:56:22,2021-01-13T07:48:52,1,0,3,2,16,80,0,"[{""blankLines"":7,""language"":""Markdown"",""commentLines"":0,""codeLines"":16},{""blankLines"":7,""language"":""JavaScript"",""commentLines"":0,""codeLines"":33},{""blankLines"":0,""language"":""JSON"",""commentLines"":0,""codeLines"":24},{""blankLines"":2,""language"":""YAML"",""commentLines"":0,""codeLines"":7}]",2018-04-26T02:56:12,17a1aa27bfce0218979472cfe4776b50438e8857,true,false,false,false,"{""JavaScript"":965}",bug;duplicate;enhancement;help wanted;invalid;question;wontfix,
4791904,fczbkk/urlmatch,false,67,2,0,2,JavaScript,master,MIT License,,1,31,2,625,2013-11-02T04:04:16,2026-01-12T08:05:39,2026-01-12T08:03:36,7,0,2,0,660,10376,211,"[{""blankLines"":1,""language"":""INI"",""commentLines"":0,""codeLines"":8},{""blankLines"":164,""language"":""Markdown"",""commentLines"":0,""codeLines"":255},{""blankLines"":23,""language"":""YAML"",""commentLines"":0,""codeLines"":73},{""blankLines"":83,""language"":""TypeScript"",""commentLines"":54,""codeLines"":440},{""blankLines"":378,""language"":""JavaScript"",""commentLines"":157,""codeLines"":2674},{""blankLines"":6,""language"":""CSS"",""commentLines"":0,""codeLines"":33},{""blankLines"":5,""language"":""HTML"",""commentLines"":0,""codeLines"":42},{""blankLines"":0,""language"":""JSON"",""commentLines"":0,""codeLines"":6851}]",2026-01-12T08:02:57,d13188a666675e462f9169f85c6418473a605764,true,false,false,false,"{""JavaScript"":88095,""TypeScript"":15551}",bug;duplicate;enhancement;invalid;question;wontfix,
4794220,jeffflater/mock-json-api,false,153,4,0,5,JavaScript,master,MIT License,,4,15,4,9230,2014-04-24T12:13:45,2026-01-31T09:15:53,2026-01-31T09:15:57,14,1,12,0,797,10275,187,"[{""blankLines"":29,""language"":""TypeScript"",""commentLines"":53,""codeLines"":168},{""blankLines"":366,""language"":""JavaScript"",""commentLines"":134,""codeLines"":2276},{""blankLines"":7,""language"":""YAML"",""commentLines"":0,""codeLines"":23},{""blankLines"":395,""language"":""Markdown"",""commentLines"":0,""codeLines"":1508},{""blankLines"":0,""language"":""JSON"",""commentLines"":0,""codeLines"":6300}]",2026-01-31T09:15:53,7bcd13fa2c4bfb876bd7c4e4d21648c49236826b,true,false,false,false,"{""JavaScript"":87767,""TypeScript"":2816}",bug;duplicate;enhancement;help wanted;invalid;question;wontfix,
4806488,cielito-lindo-productions/primitive.nextgen,false,20,1,1,2,JavaScript,master,MIT License,,4,69,,140,2017-01-06T01:28:04,2018-05-13T08:04:06,2020-11-08T12:29:10,3,2,0,0,414,1951,24,"[{""blankLines"":23,""language"":""Less"",""commentLines"":0,""codeLines"":92},{""blankLines"":371,""language"":""JavaScript"",""commentLines"":24,""codeLines"":1621},{""blankLines"":6,""language"":""HTML"",""commentLines"":0,""codeLines"":87},{""blankLines"":0,""language"":""CSS"",""commentLines"":0,""codeLines"":101},{""blankLines"":0,""language"":""JSON"",""commentLines"":0,""codeLines"":31},{""blankLines"":14,""language"":""Markdown"",""commentLines"":0,""codeLines"":19}]",2018-05-13T08:04:06,8e33c62ff15ce58681d8bcb027089bba8b4bf051,true,false,false,false,"{""JavaScript"":49684,""HTML"":3734,""CSS"":2849}",bug;duplicate;enhancement;help wanted;invalid;question;wontfix,
4807650,proloser/screenwriter,false,192,7,0,20,JavaScript,gh-pages,MIT License,http://proloser.github.io/screenwriter/,6,67,2,6269,2014-04-06T04:59:13,2026-02-17T08:00:36,2026-02-17T08:00:39,10,6,22,0,2814,21109,3105,"[{""blankLines"":1107,""language"":""Sass"",""commentLines"":1352,""codeLines"":5399},{""blankLines"":0,""language"":""SVG"",""commentLines"":0,""codeLines"":229},{""blankLines"":1,""language"":""Bourne Shell"",""commentLines"":0,""codeLines"":15},{""blankLines"":204,""language"":""JavaScript"",""commentLines"":130,""codeLines"":1221},{""blankLines"":30,""language"":""Markdown"",""commentLines"":0,""codeLines"":78},{""blankLines"":159,""language"":""Text"",""commentLines"":0,""codeLines"":348},{""blankLines"":13,""language"":""CoffeeScript"",""commentLines"":0,""codeLines"":28},{""blankLines"":36,""language"":""JSX"",""commentLines"":17,""codeLines"":604},{""blankLines"":7,""language"":""Ruby"",""commentLines"":15,""codeLines"":4},{""blankLines"":14,""language"":""TypeScript"",""commentLines"":18,""codeLines"":94},{""blankLines"":21,""language"":""YAML"",""commentLines"":2,""codeLines"":74},{""blankLines"":0,""language"":""JSON"",""commentLines"":0,""codeLines"":50},{""blankLines"":39,""language"":""SCSS"",""commentLines"":10,""codeLines"":362},{""blankLines"":30,""language"":""CSS"",""commentLines"":32,""codeLines"":7079},{""blankLines"":8,""language"":""HTML"",""commentLines"":21,""codeLines"":146},{""blankLines"":1145,""language"":""Less"",""commentLines"":1508,""codeLines"":5378}]",2026-02-17T08:00:35,6f4649af4b98bc5e24aa8457ed6744d6ffa9301d,true,false,false,false,"{""JavaScript"":73829,""CSS"":25853,""HTML"":7265,""SCSS"":6077,""Ruby"":887}",bug;duplicate;enhancement;in progress;invalid;question;ready;wontfix,angular;film;filmmaking;firebase;javascript;react;realtime-collaboration;screenwriting;writing
4808296,stevengbrown/javadoc-search-frame,false,465,1,0,4,JavaScript,main,MIT License,,3,32,3,826,2015-04-01T10:07:07,2025-10-21T04:25:14,2025-10-21T04:25:13,17,1,18,0,435,5446,1024,"[{""blankLines"":15,""language"":""Markdown"",""commentLines"":0,""codeLines"":17},{""blankLines"":402,""language"":""JavaScript"",""commentLines"":1024,""codeLines"":2857},{""blankLines"":0,""language"":""HTML"",""commentLines"":0,""codeLines"":11},{""blankLines"":0,""language"":""JSON"",""commentLines"":0,""codeLines"":2488},{""blankLines"":18,""language"":""YAML"",""commentLines"":0,""codeLines"":73}]",2025-10-21T04:25:08,f8fb824af9b7c2000b264c66571977c865cd597b,true,false,false,false,"{""JavaScript"":128151,""Python"":5271,""HTML"":290}",auto-migrated;browser-all;browser-googlechrome;browser-mozillafirefox;bug;dependencies;duplicate;enhancement;help wanted;invalid;javascript;opsys-all;performance;priority-critical;priority-high;priority-low;priority-medium;question;type-defect;type-enhancement;usability;wontfix,
4826172,raynos/for-each,false,72,2,0,6,JavaScript,master,MIT License,,4,22,3,62,2012-09-29T06:29:51,2025-02-11T06:55:57,2025-02-11T06:56:01,4,0,5,0,132,510,19,"[{""blankLines"":0,""language"":""JSON"",""commentLines"":0,""codeLines"":84},{""blankLines"":6,""language"":""TypeScript"",""commentLines"":0,""codeLines"":29},{""blankLines"":64,""language"":""JavaScript"",""commentLines"":18,""codeLines"":211},{""blankLines"":4,""language"":""INI"",""commentLines"":0,""codeLines"":16},{""blankLines"":41,""language"":""Markdown"",""commentLines"":0,""codeLines"":108},{""blankLines"":17,""language"":""YAML"",""commentLines"":1,""codeLines"":62}]",2025-02-11T06:55:50,45229651ed893773058ba9ccc42af8999014409f,true,false,false,false,"{""JavaScript"":8321}",bug;duplicate;enhancement;invalid;question;wontfix,
4829222,humblesoftware/flotr2,false,1110,13,2,525,JavaScript,main,MIT License,http://www.humblesoftware.com/flotr2/,118,2439,19,4057,2011-08-02T05:40:17,2025-09-01T11:17:46,2025-09-01T10:52:16,239,115,98,13,7901,49764,4378,"[{""blankLines"":1,""language"":""SVG"",""commentLines"":1,""codeLines"":151},{""blankLines"":62,""language"":""Markdown"",""commentLines"":0,""codeLines"":187},{""blankLines"":23,""language"":""Text"",""commentLines"":0,""codeLines"":98},{""blankLines"":91,""language"":""CSS"",""commentLines"":17,""codeLines"":784},{""blankLines"":17,""language"":""Bourne Shell"",""commentLines"":7,""codeLines"":59},{""blankLines"":1256,""language"":""HTML"",""commentLines"":46,""codeLines"":6797},{""blankLines"":0,""language"":""JSON"",""commentLines"":0,""codeLines"":2076},{""blankLines"":13,""language"":""YAML"",""commentLines"":1,""codeLines"":58},{""blankLines"":11,""language"":""PHP"",""commentLines"":0,""codeLines"":40},{""blankLines"":11,""language"":""make"",""commentLines"":0,""codeLines"":44},{""blankLines"":6416,""language"":""JavaScript"",""commentLines"":4306,""codeLines"":39470}]",2025-09-01T10:52:12,a1cc777f2bdaa4f20880de9a1caa820c0a1cf885,true,false,false,false,"{""JavaScript"":942961,""CSS"":27802,""HTML"":3225,""Shell"":1881,""Makefile"":1344,""PHP"":1116}",bug;duplicate;feature;improvement,
4844847,andrey-skl/websandbox,false,145,7,0,0,JavaScript,master,,,1,13,1,484,2016-01-13T12:54:43,2021-07-01T11:31:18,2021-07-01T11:30:12,11,0,5,4,182,8121,103,"[{""blankLines"":0,""language"":""HTML"",""commentLines"":0,""codeLines"":48},{""blankLines"":1,""language"":""YAML"",""commentLines"":0,""codeLines"":13},{""blankLines"":32,""language"":""Markdown"",""commentLines"":0,""codeLines"":105},{""blankLines"":0,""language"":""JSON"",""commentLines"":0,""codeLines"":7169},{""blankLines"":65,""language"":""TypeScript"",""commentLines"":89,""codeLines"":350},{""blankLines"":84,""language"":""JavaScript"",""commentLines"":14,""codeLines"":436}]",2021-07-01T11:30:02,294461d70c991fd1bcb66541f9cd2078fb874c69,true,false,false,false,"{""JavaScript"":27113}",bug;dependencies;duplicate;enhancement;help wanted;invalid;question;wontfix,
4850017,bylexus/fparse,false,111,6,0,14,JavaScript,master,MIT License,http://fparser.alexi.ch/,5,107,3,1347,2014-04-13T07:30:08,2025-12-31T02:05:39,2025-12-31T02:05:41,13,3,46,0,948,14890,1063,"[{""blankLines"":4,""language"":""JSON"",""commentLines"":0,""codeLines"":8022},{""blankLines"":171,""language"":""TypeScript"",""commentLines"":634,""codeLines"":1304},{""blankLines"":349,""language"":""JavaScript"",""commentLines"":378,""codeLines"":3889},{""blankLines"":0,""language"":""SCSS"",""commentLines"":0,""codeLines"":2},{""blankLines"":4,""language"":""Dockerfile"",""commentLines"":3,""codeLines"":18},{""blankLines"":0,""language"":""Sass"",""commentLines"":0,""codeLines"":2},{""blankLines"":26,""language"":""Vuejs Component"",""commentLines"":43,""codeLines"":478},{""blankLines"":13,""language"":""YAML"",""commentLines"":4,""codeLines"":46},{""blankLines"":379,""language"":""Markdown"",""commentLines"":1,""codeLines"":1086},{""blankLines"":2,""language"":""HTML"",""commentLines"":0,""codeLines"":43}]",2025-12-31T02:05:20,7dfa415b982bff776e28697b90b54980d4c8eb08,false,false,false,false,"{""JavaScript"":96710,""TypeScript"":45483,""Vue"":36889,""HTML"":1704,""Dockerfile"":567,""SCSS"":65}",bug;dependencies;duplicate;enhancement;feature;help wanted;invalid;question;wontfix,formula;formulaparser;javascript-formula-parser;javascript-math;mathematical-formulas;parser
4906437,andyklimczak/thereportoftheweek-api,false,153,1,0,12,JavaScript,master,MIT License,https://www.thereportoftheweekapi.com/docs,3,44,5,473,2016-04-03T04:55:55,2026-02-10T05:33:35,2026-02-10T05:33:32,3,2,37,0,236,19319,72,"[{""blankLines"":178,""language"":""JavaScript"",""commentLines"":72,""codeLines"":1258},{""blankLines"":3,""language"":""Ruby"",""commentLines"":0,""codeLines"":21},{""blankLines"":0,""language"":""JSON"",""commentLines"":0,""codeLines"":17881},{""blankLines"":0,""language"":""Text"",""commentLines"":0,""codeLines"":1},{""blankLines"":1,""language"":""YAML"",""commentLines"":0,""codeLines"":33},{""blankLines"":54,""language"":""Markdown"",""commentLines"":0,""codeLines"":125}]",2026-02-10T05:33:28,5a290d0f3b53c317cdae6211e97453b5d2597611,true,false,false,false,"{""JavaScript"":49237,""Ruby"":620,""Procfile"":19}",bug;dependencies;duplicate;enhancement;help wanted;invalid;javascript;question;wontfix,api;drink;food;report;review;youtube
4910474,pi0/clippyjs,false,16,1,0,28,JavaScript,master,Other,https://pi0.github.io/clippyjs/demo,5,175,2,11829,2017-06-10T09:34:31,2018-09-26T08:24:55,2021-02-03T07:33:11,5,3,2,0,268,1001,122,"[{""blankLines"":0,""language"":""HTML"",""commentLines"":0,""codeLines"":19},{""blankLines"":11,""language"":""CSS"",""commentLines"":0,""codeLines"":51},{""blankLines"":222,""language"":""JavaScript"",""commentLines"":122,""codeLines"":808},{""blankLines"":35,""language"":""Markdown"",""commentLines"":0,""codeLines"":88},{""blankLines"":0,""language"":""JSON"",""commentLines"":0,""codeLines"":35}]",2017-08-20T08:06:45,d88943d529410114c9cea7f01e05de40254cd914,true,false,false,false,"{""JavaScript"":27557,""CSS"":1356}",bug;duplicate;enhancement;help wanted;invalid;question;wontfix,
4910747,jkphl/grunt-svg-sprite,false,127,1,63,13,JavaScript,master,MIT License,https://github.com/jkphl/grunt-svg-sprite,5,132,5,1101,2014-02-07T05:11:02,2018-09-18T11:18:57,2020-09-24T09:14:56,77,4,8,0,153,21323,83,"[{""blankLines"":0,""language"":""SVG"",""commentLines"":11,""codeLines"":5346},{""blankLines"":28,""language"":""JavaScript"",""commentLines"":72,""codeLines"":182},{""blankLines"":21,""language"":""YAML"",""commentLines"":0,""codeLines"":115},{""blankLines"":104,""language"":""Markdown"",""commentLines"":0,""codeLines"":385},{""blankLines"":0,""language"":""JSON"",""commentLines"":0,""codeLines"":15295}]",2018-09-18T11:11:52,19dd7eb311cc7b371b086343e8237c2a7f67375a,true,false,false,false,"{""JavaScript"":8887}",bug;duplicate;enhancement;invalid;question;wontfix,
